label,count,rate
1,2027,0.50675
0,1973,0.49325
